-- Вставка даних у таблицю Користувачі
INSERT INTO Users (first_name, last_name, middle_name, date_of_birth, passport_series, passport_number, address, phone, email)
VALUES
('Олександр', 'Петренко', 'Іванович', '1985-02-15', 'КВ', '123456', 'Київ, вул. Хрещатик, 1', '380501234567', 'petrenko@example.com'),
('Анна', 'Іванова', 'Сергіївна', '1990-07-20', 'АА', '654321', 'Одеса, вул. Дерибасівська, 10', '380671234567', 'ivanova@example.com'),
('Микола', 'Коваль', 'Миколайович', '1978-11-05', 'ВВ', '111222', 'Львів, просп. Свободи, 25', '380931234567', 'koval@example.com'),
('Ольга', 'Сидоренко', 'Петрівна', '1995-03-12', 'КК', '333444', 'Харків, вул. Сумська, 15', '380671112233', 'sidorenko@example.com'),
('Юрій', 'Шевченко', 'Андрійович', '1983-09-25', 'РР', '555666', 'Дніпро, вул. Карла Маркса, 50', '380501111222', 'shevchenko@example.com'),
('Марина', 'Бондаренко', 'Олександрівна', '1987-06-30', 'СС', '777888', 'Запоріжжя, вул. Соборна, 99', '380931122334', 'bondarenko@example.com'),
('Дмитро', 'Гончар', 'Іванович', '1992-12-10', 'ТТ', '999000', 'Полтава, вул. Європейська, 3', '380951223344', 'gonchar@example.com'),
('Катерина', 'Мельник', 'Ігорівна', '1998-04-18', 'ПП', '222111', 'Чернівці, вул. Головна, 55', '380931123456', 'melnyk@example.com'),
('Олег', 'Кузьменко', 'Сергійович', '1980-01-29', 'ЮЮ', '444555', 'Тернопіль, вул. Руська, 8', '380661223344', 'kuzmenko@example.com'),
('Ірина', 'Василенко', 'Миколаївна', '1989-08-14', 'ХХ', '666777', 'Житомир, вул. Київська, 45', '380671122334', 'vasilenko@example.com');

-- Вставка даних у таблицю Типи транспортних засобів
INSERT INTO Vehicle_Types (type_name)
VALUES
('Легковий автомобіль'),
('Вантажний автомобіль'),
('Мотоцикл'),
('Автобус'),
('Трактор'),
('Причіп'),
('Електромобіль'),
('Спецтехніка'),
('Квадроцикл'),
('Скутер');

-- Вставка даних у таблицю Транспортні засоби
INSERT INTO Vehicles (user_id, registration_number, make, model, year, vehicle_type_id, registration_date)
VALUES
(1, 'AA1234BB', 'Toyota', 'Camry', 2015, 1, '2021-01-15'),
(2, 'BB5678CC', 'Honda', 'Civic', 2018, 1, '2020-06-20'),
(3, 'CC9101DD', 'BMW', 'X5', 2020, 1, '2022-09-30'),
(4, 'DD2345EE', 'MAN', 'TGX', 2019, 2, '2021-03-10'),
(5, 'EE6789FF', 'Mercedes', 'Sprinter', 2017, 4, '2020-11-25'),
(6, 'FF3456GG', 'Yamaha', 'YZF-R1', 2021, 3, '2022-04-12'),
(7, 'GG7890HH', 'Tesla', 'Model 3', 2022, 7, '2023-02-05'),
(8, 'HH4567II', 'John Deere', '6120M', 2020, 5, '2021-09-18'),
(9, 'II9012JJ', 'Suzuki', 'Vitara', 2016, 1, '2020-01-08'),
(10, 'JJ6789KK', 'Ford', 'Transit', 2019, 2, '2021-06-15');

-- Вставка даних у таблицю Категорії водійських посвідчень
INSERT INTO License_Categories (category_name)
VALUES
('A'),
('B'),
('C'),
('D'),
('BE'),
('CE'),
('DE'),
('T'),
('A1'),
('B1');

-- Вставка даних у таблицю Водійські посвідчення
INSERT INTO Driver_Licenses (user_id, license_number, issue_date, expiry_date)
VALUES
(1, 'UA123456', '2015-02-15', '2025-02-15'),
(2, 'UA654321', '2018-07-20', '2028-07-20'),
(3, 'UA111222', '2016-11-05', '2026-11-05'),
(4, 'UA333444', '2020-03-12', '2030-03-12'),
(5, 'UA555666', '2017-09-25', '2027-09-25'),
(6, 'UA777888', '2019-06-30', '2029-06-30'),
(7, 'UA999000', '2022-12-10', '2032-12-10'),
(8, 'UA222111', '2020-04-18', '2030-04-18'),
(9, 'UA444555', '2018-01-29', '2028-01-29'),
(10, 'UA666777', '2021-08-14', '2031-08-14');

-- Вставка даних у таблицю Типи заявок
INSERT INTO Application_Types (type_name)
VALUES
('Реєстрація ТЗ'),
('Перереєстрація ТЗ'),
('Видача посвідчення'),
('Заміна посвідчення'),
('Видача довідки');

-- Вставка даних у таблицю Статуси заявок
INSERT INTO Application_Statuses (status_name)
VALUES
('Новий'),
('Обробляється'),
('Завершений'),
('Відхилений'),
('Очікує додаткових документів');

-- Вставка даних у таблицю Заявки
INSERT INTO Applications (user_id, application_type_id, status_id, submission_date, completion_date)
VALUES
(1, 1, 1, '2025-01-01', NULL),
(2, 2, 2, '2025-01-02', NULL),
(3, 3, 3, '2025-01-03', '2025-01-05'),
(4, 4, 1, '2025-01-04', NULL),
(5, 5, 2, '2025-01-05', NULL),
(6, 1, 3, '2025-01-06', '2025-01-07'),
(7, 2, 1, '2025-01-07', NULL),
(8, 3, 2, '2025-01-08', NULL),
(9, 4, 3, '2025-01-09', '2025-01-10'),
(10, 5, 1, '2025-01-10', NULL);

-- Вставка даних у таблицю Посади
INSERT INTO Positions (position_name)
VALUES
('Оператор'),
('Менеджер'),
('Керівник відділу'),
('Інспектор'),
('Технік');

-- Вставка даних у таблицю Співробітники
INSERT INTO Employees (first_name, last_name, middle_name, position_id, hire_date, phone, email)
VALUES
('Іван', 'Коваленко', 'Петрович', 1, '2020-01-01', '380501111111', 'ivan.kovalenko@example.com'),
('Марія', 'Лисенко', 'Сергіївна', 2, '2021-05-15', '380671234567', 'maria.lys@example.com'),
('Олег', 'Ткаченко', 'Іванович', 3, '2019-03-20', '380931234567', 'oleg.tk@example.com'),
('Андрій', 'Гуменюк', 'Васильович', 4, '2018-06-10', '380501223344', 'andriy.gu@example.com'),
('Світлана', 'Мельник', 'Ігорівна', 5, '2022-02-25', '380951234567', 'svitlana.me@example.com'),
('Василь', 'Петров', 'Андрійович', 1, '2020-11-30', '380631223344', 'vasyl.pe@example.com'),
('Наталія', 'Сидоренко', 'Олександрівна', 2, '2023-08-18', '380681112233', 'nataliya.si@example.com'),
('Олександр', 'Шевченко', 'Миколайович', 3, '2021-09-25', '380991123456', 'olex.she@example.com'),
('Катерина', 'Бойко', 'Миколаївна', 4, '2017-01-05', '380671234556', 'kateryna.bo@example.com'),
('Юрій', 'Іванов', 'Володимирович', 5, '2019-12-15', '380731234567', 'yuriy.iv@example.com');

-- Вставка даних у таблицю Типи операцій
INSERT INTO Operation_Types (operation_name)
VALUES
('Реєстрація заявки'),
('Перевірка документів'),
('Завершення заявки'),
('Скасування заявки'),
('Оновлення статусу заявки');

-- Вставка даних у таблицю Лог виконаних операцій
INSERT INTO Operation_Log (employee_id, operation_type_id, operation_date, application_id)
VALUES
(1, 1, '2025-01-01 10:00:00', 1),
(2, 2, '2025-01-02 11:30:00', 2),
(3, 3, '2025-01-03 14:15:00', 3),
(4, 4, '2025-01-04 09:45:00', 4),
(5, 5, '2025-01-05 16:00:00', 5),
(6, 1, '2025-01-06 12:30:00', 6),
(7, 2, '2025-01-07 13:00:00', 7),
(8, 3, '2025-01-08 15:00:00', 8),
(9, 4, '2025-01-09 17:00:00', 9),
(10, 5, '2025-01-10 18:30:00', 10);
